Company name,Company number,Company location,Company Email
UK Software Company ltd.,44 7427 503009,,
Theodo UK,44 20 3872 2922,,contact@theodo.co.uk
UK Software Company Ltd,44 121 413 3020,,
Appdrawn Software Development,"44 1442 211999
",,office@appdrawn.com
Software Development UK,44 20 3951 0555,,info@softwaredevelopment.co.uk
One Beyond Ltd,44 1252 235422,,
300Brains UK,44 7834 814134,,hello@300brains.com
Horizon Software Solutions UK,,,
Binmile | Software Development Company in UK,"44 20 3885 2846
",,business@binmile.com
TatvaSoft UK,"44 20 7947 4950
",,info@tatvasoft.co.uk
